St. Louis Beer Fest,2021-10-16 19:00:00,211,63105
Big Boogie & Rich Friends B-Day Bash,2021-11-06 22:00:00,209,63105
Procure Marketplace,2021-10-31 12:00:00,300,63105
The 4th Annual Halloween Bar Crawl - St Louis,2021-10-30 16:00:00,4800,63105
Super Wine Tasting,2021-10-17 13:00:00,148,63105
THE OFFICIAL SILENT HEADPHONE PARTY ST. LOUIS,2021-10-15 21:30:00,0,63105
Pop Up Witches! It's a Witches Night Out!,2021-10-29 18:00:00,25,63105
Culture thru Community Inaugural Gala,2021-10-24 18:00:00,0,63105
12 Bars of Christmas Crawl® - St Louis,2021-12-04 12:00:00,5900,63105
Sunrise Yoga Series at Kiener Plaza,2021-10-12 07:30:00,1000,63105
Yoga + Beer at 9 Mile Garden,2021-10-24 09:00:00,1000,63105
Magic Chef Mansion Halloween Tour,2021-10-15 17:00:00,57,63105
Rooftop Yoga + Mimosas,2021-10-16 09:00:00,1000,63105
Autumn Harvest at Streets of St. Charles,2021-10-23 15:00:00,57,63105
3rd ANNUAL #STOGIEGANG BONFIRE,2021-10-23 18:00:00,11,63105
An Evening with Mitch Albom,2021-11-06 19:00:00,34,63105
MILLENNIUM AGE HOST SILENT PARTY ST LOUIS,2021-10-29 21:30:00,15800,63105
Anime Senpai Junior Year,2021-10-15 12:00:00,381,63105
Kelocc G's Red Carpet "Sneaker Ball Experience",2021-10-23 21:00:00,0,63105
Roots: Film Premiere Screening | Hidden Valley Ski Team Fundraiser,2021-10-17 19:30:00,0,63105
DirtySnatcha: Snatched Tour,2021-10-22 20:00:00,13,63105
Young Republican's FreedomFest BBQ,2021-10-24 11:00:00,0,63105
Nine PBS Edcamp for Early Educators | Oct. 16,2021-10-16 08:30:00,328,63105
Movement + Meditation at Third Friday,2021-10-15 18:00:00,1000,63105
KSHE Klassic Car Show,2021-10-17 12:00:00,50,63105
Wings Verzuz...Chef Bobby T vs The Sauceboss,2021-10-22 19:00:00,12,63105
Budtender Appreciation Event - St. Louis,2021-10-15 19:00:00,17,63105
AFRO CITY WITH DJ DEE MONEY,2021-10-15 22:00:00,217,63105
Breast Cancer Community Breakfast,2021-10-22 08:00:00,19,63105
Bike MS: Gateway Getaway | Post Event Party,2021-10-14 17:00:00,0,63105
Geekway Mini 2021,2021-11-12 09:00:00,126,63105
1st Annual Cancer Awareness Gala,2021-10-16 18:00:00,0,63105
Show Me Reptile & Exotics Show (St. Louis) Halloween,2021-10-24 10:00:00,580,63105
Yoga Pop-up at Forest Park,2021-10-17 08:00:00,84,63105
Lyrical Therapy Open Mic,2021-11-05 20:00:00,75,63105
Fueling Your Fundraiser - A Blueprint for Nonprofit Event Marketing,2021-10-15 09:00:00,0,63105
Missouri Bridal & Wedding Expo,2021-10-31 12:30:00,325,63105
Ginworld Symposium & Blind Tasting Master Sessions Saint Louis,2021-10-11 11:00:00,171,63105
Earthbound Beer Guided Tour,2021-10-16 14:00:00,49,63105
Seven Brides for Seven Brothers - Friday October 29,2021-10-29 19:30:00,66,63105
Celebrate India,2021-10-24 13:00:00,581,63105
Herold Mansion Tour,None,36,63105
Networking Night,2021-10-28 17:00:00,36,63105
The Bon Bons presents Boolesque with Dickie Rebellion at The Crack Fox,2021-10-16 19:00:00,102,63105
Walk for Wisdom 2021,2021-10-23 10:00:00,0,63105
UPRISING: Songs of Slaves and Immigrants,2021-10-30 19:00:00,23,63105
Admission Prep Bootcamp Virtual & In Person - 1 week,2021-11-01 17:00:00,378,63105
Erin Bode at Joe's Cafe!,2021-10-21 20:00:00,243,63105
St. Louis Virtual Job Fair October 20 2021,2021-10-20 09:00:00,9500,63105
Stepping Stones for Maria,None,581,63105
Bonfire Night,2021-11-05 18:00:00,49,63105
Olivia Taelor’s 25th Scorpio Brunch,2021-10-24 11:00:00,0,63105
Fall Fire Festival at The Green Center,2021-11-06 17:30:00,0,63105
Paint a Pumpkin at the Fall Family Fair,2021-10-16 11:00:00,581,63105
Nightmare on Queer Street with Entity and Kora Kayyy,2021-10-22 20:00:00,0,63105
The Dinner Detective Murder Mystery Dinner Show - St. Louis,2021-10-30 18:00:00,100,63105
2021 Cardinal Glennon Fashion Show GIVING BACK!,2021-10-13 17:30:00,22,63105
HALLOWEEN HAVOKK - Costume Party,2021-10-30 20:00:00,11,63105
Unconnected Incidents,2021-10-28 19:30:00,0,63105
Treats Unleashed Pumpkin Pie Eating Contest,2021-11-06 10:00:00,49,63105
Sans Bar Happier Hour @ Kingside Diner Clayton,2021-10-14 17:30:00,0,63105
2021 St. Louis Walk to End Alzheimer's,2021-10-23 06:00:00,165,63105
AFRO CITY: HALLOWEEN COSTUME PARTY,2021-10-29 22:00:00,217,63105
We Preach Christ Conference 2021,2021-10-15 17:00:00,0,63105
Manufactured Stone Warranty and Code Compliance Training- 1hour AIA HSW,2021-10-26 12:00:00,0,63105
Second Empire Strikes Back Tour,None,36,63105
Su Na Akee Presents Reggae Night @The Warehouse West,2021-10-14 19:00:00,0,63105
Acoustik Element: World Percussion,2021-10-23 20:00:00,41,63105
March for Reparations to African People - St Louis,2021-10-16 10:00:00,10,63105
Janet Evra at Joe's Cafe!,2021-11-04 20:00:00,243,63105
History Exploration Days | Mythical Missouri,2021-10-22 10:00:00,13,63105
Jan Miller: Tribute to Frank Sinatra,2021-11-03 19:00:00,0,63105
2021 Twilight Tours with the Mourning Society of St. Louis,2021-10-29 18:00:00,29,63105
Howl'een Trivia Night,2021-10-23 18:00:00,0,63105
Women's Empowerment Network,2021-10-23 10:00:00,10,63105
STL Mystic Fair ~ November 2021,2021-11-06 11:00:00,80,63105
Vetworking STL Oct 2021 @ 314 Social,2021-10-12 18:00:00,174,63105
Halloween Pop-Up Event: Dinner Party From Hell,2021-10-22 19:00:00,0,63105
Luh AL's Savage 16th Birthday Bash **Blackout Edition**,2021-10-16 17:00:00,0,63105
Boarding Pass Independent Artist Concert Series,2021-10-23 15:00:00,0,63105
TechArtista UCity Open House,2021-10-14 16:00:00,19,63105
The 8th Annual Art and Soul Live Exhibit,2021-10-17 19:00:00,43,63105
In Person AND Virtual Holiday Open House at Elemental Esthetics,2021-10-14 14:00:00,0,63105
Whiskey and BS Live: The Potato Tasting Experience,2021-10-24 17:00:00,0,63105
Rockwood Summit Class of 2011 Reunion,2021-11-24 19:00:00,0,63105
Czech Dinner Drive Thru - October 23 2021,2021-10-23 11:30:00,18,63105
-INFLUENCED -ART SHOW BY RONYEA MEASIMER,2021-11-20 18:00:00,0,63105
Trunk or Treat,2021-10-31 15:00:00,0,63105
2021 Witches Night Out,2021-10-16 16:00:00,28,63105
SheCan Connect Networking Meet Up,2021-11-11 18:30:00,47,63105
Atonement 8:15 worship,2021-10-17 08:15:00,34,63105
Ginworld Let's Get Gin'ny' With It: A Cocktail Party With The Makers,2021-10-11 18:00:00,55,63105
Fitness Fest October 2021,2021-10-30 09:00:00,57,63105
Keller Williams Southwest - Trunk or Treat Party,2021-10-28 17:30:00,0,63105
LIFEINSTYLE ANNUAL HALLOWEEN PARTY DC VS MARVEL,2021-10-22 19:00:00,66,63105
Possessing New Land,2021-11-05 19:00:00,14,63105
Black Pride Accolades,2021-10-15 19:00:00,0,63105
Scalable Policy - October 20 2021,2021-10-20 12:00:00,102,63105
Happy Hour: The OT networking event,2021-10-14 17:00:00,0,63105
LARGEST SPEED NETWORKING EVENT In STL-Oct. 26 2021,2021-10-26 12:00:00,46,63105
The Debbie Weber Realty Team 10th Anniversary Celebration,2021-10-14 17:00:00,0,63105
Evoke 2nd Annual Conference,2021-10-22 14:00:00,34,63105
St. Louis Job Fair - St. Louis Career Fair,2021-10-25 11:00:00,15900,63105
Free Steve Ewing Concert,2021-10-16 16:00:00,0,63105
Tea 101,2021-10-20 19:00:00,49,63105
McCluer North Class of 1996 Reunion ('93-'99 welcome),2021-10-15 19:00:00,0,63105
Parents Night Out - Monster Mash @ Creve Coeur!,2021-10-15 18:00:00,0,63105
Steven Lacy Productions presents Shades of Grey at 50,2021-11-20 19:00:00,0,63105
Urban Hang Suite,2021-10-17 18:00:00,18,63105
St. Louis New Year's Eve Party 2022 - Gatsby's Penthouse,2021-12-31 20:00:00,3700,63105
Benton Park Halloween Tour,2021-10-30 17:00:00,125,63105
Authentic Swiss Raclette Dinner,2021-10-22 18:00:00,148,63105
DB's Sports Bar Annual Golf Tournament,2021-10-18 10:30:00,285,63105
The Real Estate Collaborative - November 4 2021 BREAKFAST SEMINAR,2021-11-04 08:30:00,62,63105
Fall Art Festival,2021-10-16 12:00:00,28,63105
Happy's Fall Brewery to Brewery Run 2021,2021-10-23 12:00:00,126,63105
NBAC Tour 10-23,2021-10-23 11:00:00,31,63105
Tech Panic: Why We Shouldn't Fear Facebook and the Future,2021-10-21 17:30:00,33,63105
Veteran Mortgage Advisor Launch St Louis Symposium,2021-11-04 18:00:00,0,63105
Grace Union Annual Trunk or Treat,2021-10-30 16:00:00,0,63105
The Body Christian Church 7th Anniversary celebration,2021-10-31 14:00:00,0,63105
Cheryl Wilson's Resident Rights Book-Signing Open House,2021-10-21 15:00:00,0,63105
43rd annual National Leadership Conference on Student Government,None,0,63105
MoANA 2021 HYBRID Fall Meeting - LIVE REGISTRATION,2021-10-22 18:00:00,54,63105
2021 Fall Membership Meeting & Trustee Education to Mission Conference,2021-10-21 10:30:00,25,63105
S'mores and Stouts,2021-10-21 19:00:00,19,63105
Lunch and Learn with OneAmerica,2021-10-19 11:30:00,0,63105
Art & Emotion of Color Tour,2021-10-13 11:00:00,298,63105
S'mores & Stouts,2021-10-14 19:00:00,14,63105
2021 Jubilee Symposium - Kingdom Reconciliation: A New Language,2021-10-19 09:00:00,0,63105
Howl-o-ween Pet Parade and Costume Contest,2021-10-30 11:00:00,0,63105
Emotional Sobriety Workshop - St. Louis,2021-10-22 18:00:00,0,63105
AHEAD Institute Fall Reception,2021-10-19 17:00:00,0,63105
The Now Church Live Experience,2021-10-22 18:00:00,0,63105
Pop Up With ATwist,2021-10-22 16:00:00,0,63105
MoANA 2021 Hybrid Fall Meeting (live and virtual) - Vendor Registration,2021-10-22 06:30:00,54,63105
Stellar Soirée,2021-10-21 18:00:00,251,63105
Thanksgiving Wine Tasting with Vintegrity Wines,2021-11-12 18:00:00,148,63105
Costume Kickoff @ Taco Circus,2021-10-24 15:00:00,0,63105
Restorative Yoga,2021-10-15 20:00:00,45,63105
H&S Company 3d Battalion 23d Marines' Birthday Ball,2021-11-20 17:00:00,0,63105
Employer's Role in Employee Financial Wellness,2021-10-14 07:30:00,41,63105
Claim Academy Alumni Speaker and Open House,2021-10-21 17:30:00,378,63105
Trunk or Treat,2021-10-30 17:00:00,35,63105
Applied Suicide Intervention Skills Training (ASIST) 2 Day Training,2021-10-22 09:00:00,14,63105
Maryland Heights Beer Run,2021-10-23 13:00:00,581,63105
The Family Property Project Workshop: Preserving the Family Home,2021-10-21 18:00:00,0,63105
Rooftop Live,2021-10-15 19:00:00,84,63105
BROKEN WINDOW IN THE ATTIC -RED CARPET EVENT,2021-11-14 18:00:00,0,63105
Black Magic: The Santana Experience (Saturday ),2021-11-13 20:00:00,41,63105
Donut Fest St. Louis,2021-10-24 13:00:00,1900,63105
Sexy & Social Thursday’s,2021-10-14 19:00:00,43,63105
All Hollows Eve Drive In Movie Night,2021-10-30 19:00:00,0,63105
Danforth Campus Thrive Pop Up Event,2021-10-27 11:00:00,0,63105
Diabetes Survival Skills,2021-10-14 10:00:00,20,63105
UMSL DEI Accelerator Info Session #3,2021-10-19 17:00:00,53,63105
Mayor Robert Eastern III Real Men Wear Pink Fashion Show,2021-10-15 19:00:00,0,63105
Stop the Bleed Training,2021-10-15 13:00:00,17,63105
Karaoke For A Cure 2021,2021-11-12 19:00:00,0,63105
Rich Homie Quan Concert! Slims Boss Day Bash,2021-11-06 20:00:00,0,63105
Baseball 101: a Look at America's Pastime,2021-10-21 17:30:00,476,63105
Snap Apple Night,2021-10-22 18:00:00,29,63105
LIVE Saint Louis Training: Getting the Most Out of Servant Keeper,2021-10-12 09:00:00,97,63105
Every Day A Miracle: Art Raffle and Silent Auction,2021-10-16 18:00:00,0,63105
Administrators' Guide To Implementing Restorative Practices (St. Louis MO),2021-11-04 08:30:00,104,63105
Sonesta + RLHC Town Hall Meeting,2021-10-19 10:00:00,15,63105
Tree Planting at St Vincent Park,2021-10-30 08:45:00,107,63105
STEMSTL 2021 Annual Gathering,2021-11-05 08:00:00,46,63105
St. Louis Missouri | Video Speed Dating,2021-10-20 20:00:00,14000,63105
St. Louis Virtual Job Fair Employer October 20 2021,2021-10-20 09:00:00,10800,63105
give and take care -- dance concert and art show -- IN PERSON SHOW,2021-10-15 19:30:00,0,63105
Trivia Night Fundraiser,2021-11-06 19:00:00,16,63105
Laugh Now Laugh Later: A Comedy Showcase,2021-10-15 19:00:00,11,63105
Paratech University - St. Louis MO,2021-10-28 08:00:00,606,63105
Cigars & Fedoras,2021-10-16 16:00:00,0,63105
5th Annual SAME Trivia Night and Silent Auction,2021-11-12 18:30:00,0,63105
DBIA-STL | Happy Hour,2021-10-20 16:00:00,153,63105
Fix and Flip/Fix and Hold Property Tour - Online St. Louis,2021-10-16 10:00:00,999,63105
"The Culture" Creative Themed Fashion Show,2021-10-22 18:00:00,0,63105
Horizons St. Louis in Kirkwood Annual Gala 2021,2021-10-21 17:30:00,0,63105
Real Estate Investing for Entrepreneurs - St. Louis Online,2021-10-13 20:00:00,2900,63105
#IamRemarkable Workshop,2021-10-12 18:30:00,94,63105
P.A.A.L.S 1st Annual Health & Wellness Expo,2021-10-16 11:00:00,0,63105
MERCH x Proenza Schouler,2021-10-29 11:00:00,15,63105
Rock the Dock,2021-10-17 13:00:00,0,63105
Dream Sink Launch Birthday Book Signing,2021-10-17 15:00:00,22,63105
Alpha Brewing Company's Chili Cookoff,2021-11-07 14:00:00,109,63105
SAME St. Louis Post Luncheon: Thursday October 21 2021,2021-10-21 11:30:00,0,63105
Differentiated Instruction in a Multi-Level Classroom,2021-10-23 09:00:00,70,63105
PusHER Fashion Show,2021-11-07 15:00:00,0,63105
Wellness Wednesday: TranscenDANCE,2021-10-20 18:00:00,19,63105
STL-Level One Med Aide-Recertification,2021-10-20 09:30:00,251,63105
October Chapter Mtg - Forecasting Futures Escalations & Lead Times PT. 1,2021-10-15 07:30:00,35,63105
Haunted Belleville Walking Tour 2021,None,110,63105
St. Louis Video Speed Dating - Filter Off,2021-11-12 20:00:00,14000,63105
One Team Scavenger Hunt St Louis,2021-10-11 10:00:00,3200,63105
Free Afternoon,2021-10-21 13:00:00,33,63105
PWG Wedding Show | November 14 2021| The Center,2021-11-14 12:00:00,31,63105
Skamasala featuring Tommy Halloran at Joe's Cafe!,2021-11-11 20:00:00,243,63105
WAVy Wednesday: proper grammar HODJ & More @ Broadway Boat Bar,2021-10-13 19:00:00,28,63105
